item group,price,merek,Brand
WOMEN BAGS,4250000.0,TORY BURCH,TORY BURCH 58025 PERRY LEATHER BP BLACK
Women Wallets,1100000.0,KATE SPADE,KATE SPADE WLRU6153 HOLLIE SPADE CLOVER GEO EMBOSS LARGE WALLET BLACK
WOMEN BAGS,1550000.0,KATE SPADE,KATE SPADE WKRO0068 SPADE LINK TOTE WHITE MULTI
Women Shoes,1400000.0,MICHAEL KORS,MICHAEL KORS FLAT SHOES STUD BROWN BLACK
WOMEN BAGS,1650000.0,KATE SPADE,MICHAEL KORS 35S0GXZM1B TEAGEN SMALL MESSENGER SIGNATURE BROWN TAN
WOMEN BAGS,2350000.0,MICHAEL KORS,MICHAEK KORS 35S0GXZS7L TEAGEN LARGE LONG DROP SATCHEL LEATHER BLACK
WOMEN BAGS,1550000.0,KATE SPADE,KATE SPADE WKRO0068 SPADE LINK TOTE BLUE MULTI
Women Wallets,950000.0,MICHAEL KORS,MICHAEL KORS 35F9GFTE3B FULTON SIG BROWN WALLET
WOMEN BAGS,1650000.0,KATE SPADE,MICHAEL KORS 35S0GXZM1B TEAGEN SMALL MESSENGER SIGNATURE BROWN TAN
WOMEN BAGS,2250000.0,MICHAEL KORS,MICHAEL KORS 38H9GIVM6B SIERRA MEDIUM MESSENGER VANILLA
MEN BAGS,1550000.0,MICHAEL KORS,MICHAEL KORS 37U9LCRC8B COOPER  SLING SIGNATURE BLACK
WOMEN BAGS,1950000.0,KATE SPADE,KATE SPADE WKRU6816 KAILEE TROPICAL TOSS MEDIUM FLAP SHOULDER BAG NIGHTCAP
WOMEN BAGS,1950000.0,KATE SPADE,KATE SPADE WKRU6730 CAMERON POCKET TOTE BLACK
Women Wallets,1000000.0,COACH,COACH 67565 WALLET SIGNATURE LEATHER MEDIUM ZIP PINK LEMONADE
Women Wallets,1000000.0,COACH,COACH 67565 WALLET SIGNATURE LEATHER MEDIUM ZIP PINK LEMONADE
WOMEN BAGS,2000000.0,COACH,COACH F27591 MINI SIERA BLACK
WOMEN BAGS,1650000.0,KATE SPADE,MICHAEL KORS 35S0GXZM1B TEAGEN SMALL MESSENGER SIGNATURE BROWN TAN
WOMEN BAGS,1650000.0,KATE SPADE,MICHAEL KORS 35S0GXZM1B TEAGEN SMALL MESSENGER SIGNATURE BROWN TAN
WOMEN BAGS,1650000.0,KATE SPADE,MICHAEL KORS 35S0GXZM1B TEAGEN SMALL MESSENGER SIGNATURE BROWN TAN
WOMEN BAGS,1550000.0,MICHAEL KORS,MICHAEL KORS 35T9GTVT0L JET SET TRAVEL XS CARRYALL CONV TOTE POWDER BLUSH
Women Wallets,950000.0,MICHAEL KORS,MICHAEL KORS 36S0MC0Z30 COOPER TECH ZIP AROUND BLUE
WOMEN BAGS,1100000.0,KATE SPADE,KATE SPADE WKRU6592 HOLLIE SPADE CLOVER GEO DOME CROSSBODY PINK MULTI
WOMEN BAGS,1650000.0,KATE SPADE,KATE SPADE WKRU6993 BLOOM LARGE REVERSIBLE TOTE ENCHANTED FOREST BLUE MULTI
WOMEN BAGS,1450000.0,MICHAEL KORS,MICHAEL KORS 32T8GP5C3C POLLY LARGE EW CROSSBODY ADMIRAL
WOMEN BAGS,1650000.0,KATE SPADE,MICHAEL KORS 35S0GXZM1B TEAGEN SMALL MESSENGER SIGNATURE BROWN TAN
WOMEN BAGS,1650000.0,KATE SPADE,MICHAEL KORS 35S0GXZM1B TEAGEN SMALL MESSENGER SIGNATURE BROWN TAN
Women Watches,2200000.0,FOSSIL,FOSSIL FTW6042 SMARTWATCH WOMEN BLACK
Women Wallets,550000.0,KATE SPADE,KATE SPADE WLRU5972 JAE CARD CASE LANYARD BLACK
WOMEN BAGS,1200000.0,KATE SPADE,KATE SPADE WKRU6558 DOME CROSSBODY SYLVIA SEE THROUGH LIA DOT
Women Wallets,1000000.0,COACH,COACH 67565 WALLET SIGNATURE LEATHER MEDIUM ZIP PINK LEMONADE
WOMEN BAGS,1950000.0,MICHAEL KORS,MICHAEL KORS 38T0GDDC7B DANIELA LARGE GUSSET CROSSBODY BROWN/ACORN
WOMEN BAGS,1300000.0,FOSSIL,FOSSIL SHB2312015 FELICITY SATCHEL BLACK/BROWN
Women Watches,1700000.0,MICHAEL KORS,MICHAEL KORS MK7096
Men Watches,1200000.0,FOSSIL,FOSSIL FS5628 GRANT CHRONOGRAPH
Women Wallets,550000.0,KATE SPADE,KATE SPADE WLRU5972 JAE CARD CASE LANYARD BLACK
Women Shoes,1400000.0,MICHAEL KORS,MICHAEL KORS FLAT SHOES STUD VANILLA
WOMEN BAGS,2100000.0,MICHAEL KORS,MICHAEL KORS 35S0GOXL3L MOTT LARGE CHAIN SHOULDER LEATHER BLACK
WOMEN BAGS,1850000.0,KATE SPADE,KATE SPADE WKRU0129 DEVYN MEDIUM DUFFLE BAJAROSE
WOMEN BAGS,1550000.0,KATE SPADE,KATE SPADE WKRO0067 SPADE LINK MINI TOTE PINK MULTI
WOMEN BAGS,1700000.0,MICHAEL KORS,MICHAEL KORS 35T0G0XM2B MOTT MEDIUM MESSENGER BROWN
WOMEN BAGS,1950000.0,KATE SPADE,KATE SPADE WKRU6486 KAILEE MEDIUM DOUBLE COMPARTMENT SHOUDER BROWN
WOMEN BAGS,600000.0,KATE SPADE,KATE SPADE WLRU6012 CAMERON CARD CASE LANYARD WARM BEIGE
WOMEN BAGS,1650000.0,KATE SPADE,KATE SPADE WKRU6593 HOLLIE SPADE CLOVER GEO LARGE TOTE PINK MULTI
Women Wallets,1000000.0,COACH,COACH 67565 WALLET SIGNATURE LEATHER MEDIUM ZIP PINK LEMONADE
WOMEN BAGS,550000.0,KATE SPADE,KATE SPADE WLRU5972 JAE CARD CASE LANYARD FAVORIT RED
WOMEN BAGS,1550000.0,KATE SPADE,KATE SPADE WKRU6164 BRIAR LANE QUILTED MINI CONVERTIBLE BACKPACK BLACK
Men Watches,1100000.0,FOSSIL,FOSSIL BQ7011 STAINLESS STEEL MAN WATCH
Men Watches,1100000.0,FOSSIL,FOSSIL BQ1010 MEN WATCH STAINLESS SILVER
WOMEN BAGS,1550000.0,KATE SPADE,KATE SPADE WKRO0067 SPADE LINK MNI TOTE BLUE MULTI
WOMEN BAGS,1850000.0,KATE SPADE,KATE SPADE WKRU5897 PATTERSON DRIVE MEDIUM DOME SATCHEL BLACK
WOMEN BAGS,2350000.0,MICHAEL KORS,MICHAEL KORS 30T0GZ5L5L MERCER GALLERY SMALL CONVERTIBLE BUCKET FAWN
WOMEN BAGS,1550000.0,KATE SPADE,KATE SPADE WKRO0067 SPADE LINK MNI TOTE BLUE MULTI
WOMEN BAGS,2700000.0,TORY BURCH,TORY BURCH 53304 GEMINI LINK CANVAS SMALL TOTE LIGHT UMBER GEMINI
WOMEN BAGS,3350000.0,COACH,COACH 26852 RLC LEATHER PARKER AURORA
WOMEN BAGS,2250000.0,KATE SPADE,KATE SPADE WKRU6771 JACKSON MEDIUM TRIPLE COMPARTMENT STRAW WHITE
WOMEN BAGS,2950000.0,KATE SPADE,KATE SPADE PXRU8138 MARGAUX MEDIUM SATCHEL MULTI
WOMEN BAGS,1300000.0,FOSSIL,FOSSIL ZB7837914 ELLE CROSSBODY BROWN MULTI
WOMEN BAGS,2350000.0,MICHAEL KORS,MICHAEL KORS 35S0GXZS7B TEAGEN LARGE SIGNATURE WHITE
WOMEN BAGS,1250000.0,FOSSIL,FOSSIL ZB7937001 ELLE E CROSSBODY BLACK
WOMEN BAGS,3050000.0,TORY BURCH,TORY BURCH 60227 KIRA CHEVRON SMALL CAMERA BAG BLUEWOOD
Women Shoes,1300000.0,MICHAEL KORS,MICHAEL KORS CITY BALLET FLATS BLACK
WOMEN BAGS,1350000.0,KATE SPADE,KATE SPADE WKRU6610 X-LARGE DOME CROSSBODY SYLVIA BLACK
WOMEN BAGS,2100000.0,MICHAEL KORS,MICHAEL KORS 35S0GOXL3L MOTT LARGE CHAIN SHOULDER LEATHER BLACK
WOMEN BAGS,1300000.0,COACH,COACH 91042 RED HEART CAMERA BAG MERAH
WOMEN BAGS,3050000.0,TORY BURCH,TORY BURCH 60227 KIRA CHEVRON SMALL CAMERA BAG PINK CITY
Women Shoes,2550000.0,TORY BURCH,TORY BURCH MINNIE TRAVEL BALLET FLAT SHOES MAROON
Women Shoes,1400000.0,MICHAEL KORS,MICHAEL KORS  FULTON SAFIANO FLAT SHOES BLACK GOLD
Women Shoes,1400000.0,MICHAEL KORS,MICHAEL KORS FLAT SHOES STUD BROWN BLACK
WOMEN BAGS,1250000.0,FOSSIL,FOSSIL ZB7937001 ELLE E CROSSBODY BLACK
WOMEN BAGS,1550000.0,KATE SPADE,KATE SPADE WKRO0067 SPADE LINK MINI TOTE PINK MULTI
WOMEN BAGS,1850000.0,MICHAEL KORS,MICHAEL KORS 35T0GBFS5B BEDFORD SMALL DUFFLE SATCHEL STRIPE TANGERINE SIGNATURE BROWN
WOMEN BAGS,2000000.0,KATE SPADE,KATE SPADE WKRU6719 EMELYN BRIAR LANE QUILTED COLOURBLOCK WHITE DOVE MULTI
WOMEN BAGS,1100000.0,KATE SPADE,KATE SPADE WKRU6592 HOLLIE SPADE CLOVER GEO DOME CROSSBODY PINK MULTI
WOMEN BAGS,1500000.0,KATE SPADE,KATE SPADE WKRU7026 JAE GARDEN VINE LARGE TOTE NIGHTCAP MULTI
Women Watches,2200000.0,FOSSIL,FOSSIL FTW6031 SMARTWATCH GEN4 VENTURE HR ROSEGOLD
WOMEN BAGS,600000.0,KATE SPADE,KATE SPADE WLRU6012 CAMERON CARD CASE LANYARD WARM BEIGE
WOMEN BAGS,2200000.0,FOSSIL,FOSSIL ZB7256001RACHEL SATCHEL BLACK
WOMEN BAGS,1300000.0,FOSSIL,FOSSIL SHB2402727 FELICITY SATCHEL GREY/WHITE
WOMEN BAGS,1300000.0,FOSSIL,FOSSIL SHB2434678 FELICITY SATCHEL TOTES PINK STRIPE
WOMEN BAGS,2650000.0,KATE SPADE,KATE SPADE PXRU8138 MARGAUX MEDIUM SATCHEL MULTI
WOMEN BAGS,1850000.0,MICHAEL KORS,MICHAEL KORS 35T0GBFS5B BEDFORD SMALL DUFFLE SATCHEL VANILLA MULTI
WOMEN BAGS,2000000.0,COACH,COACH F73313 ELLE BACKPACK IN SIGNATURE JACQUARD
WOMEN BAGS,2500000.0,TORY BURCH,TORY BURCH 74468 PERRY NYLON CROSSBODY BRIGHT SAMBA
Women Wallets,950000.0,MICHAEL KORS,MICHAEL KORS 35F9GFTE3B FULTON SIG WHITE WALLET
WOMEN BAGS,2350000.0,MICHAEL KORS,MICHAEL KORS 30T0GZ5L5L MERCER GALLERY SMALL CONVERTIBLE BUCKET FAWN
WOMEN BAGS,800000.0,KATE SPADE,KATE SPADE WIR00007 STACI GEO FOX L -ZIP LAPTOP MULTI
Women Wallets,1000000.0,COACH,COACH 67565 WALLET SIGNATURE LEATHER MEDIUM ZIP PINK LEMONADE
Women Wallets,550000.0,KATE SPADE,KATE SPADE WLRU5972 JAE CARD CASE LANYARD BLACK
WOMEN BAGS,1550000.0,MICHAEL KORS,MICHAEL KORS 35T9GTVT0L JET SET TRAVEL XS CARRYALL CONV TOTE POWDER BLUSH
WOMEN BAGS,1950000.0,KATE SPADE,KATE SPADE WKRU6816 KAILEE TROPICAL TOSS MEDIUM FLAP SHOULDER BAG NIGHTCAP
WOMEN BAGS,1850000.0,FOSSIL,FOSSIL ZB7953723 HANNAH HOBO AMBER GOLD
Men Watches,1100000.0,FOSSIL,FOSSIL BQ7011 STAINLESS STEEL MAN WATCH
Women Wallets,600000.0,KATE SPADE,KATE SPADE WLRU6027 MINNIE MOUSE CARD CASE BLACK
Men Watches,1700000.0,FOSSIL,FOSSIL BQ2427 PRIVATE SPORT AUTOMATIC
Women Wallets,1100000.0,KATE SPADE,KATE SPADE WLRU6153 HOLLIE SPADE CLOVER GEO EMBOSS LARGE WALLET PEACHPUFF
Women Watches,1100000.0,FOSSIL,FOSSIL BQ3209 STAINLESS STEEL WOMEN WATCH
Women Wallets,1000000.0,MICHAEL KORS,MICHAEL KORS 35F8STVF28 JET SET TRAVEL MEDIUM BIFOLD WALLET SIGNATURE BLACK
Women Wallets,750000.0,KATE SPADE,KATE SPADE WLRU6009 HOLLIE SPADE CLOVER GEO SMALL SLIM BIFOLD PINK MULTI
Women Watches,1200000.0,OLIVIA BURTON,OLIVIA BURTON OB16MV78
WOMEN BAGS,800000.0,KATE SPADE,KATE SPADE WIR00007 STACI GEO FOX L -ZIP LAPTOP MULTI
WOMEN BAGS,1250000.0,FOSSIL,FOSSIL ZB7937001 ELLE E CROSSBODY BLACK
Women Watches,2100000.0,COACH,COACH 14503465 PINK CERAMIC
WOMEN BAGS,1550000.0,MICHAEL KORS,MICHAEL KORS 35T9GTVT0L JET SET TRAVEL XS CARRYALL CONV TOTE POWDER BLUSH
WOMEN BAGS,2200000.0,KATE SPADE,KATE SPADE WKRU6157 BRIAR LANE QUILTED MEDIUM CONVERTIBLE SHOULDER BAG OPTIC WHITE
WOMEN BAGS,1950000.0,KATE SPADE,KATE SPADE WKRU6703 ROWE MEDIUM TOP ZIP SATCHEL PEACHPUFF
WOMEN BAGS,1550000.0,KATE SPADE,KATE SPADE WKRO0068 SPADE LINK TOTE PINK MULTI
WOMEN BAGS,1550000.0,KATE SPADE,KATE SPADE WKRU6058 PATTERSON DRIVE SMALL DOME SATCHEL BLACK
Women Wallets,750000.0,KATE SPADE,KATE SPADE WLRU5943 NYLON BLACK DOUBLE WRISLET
WOMEN BAGS,1700000.0,COACH,COACH 41321 KITT MESSENGER CROSSBODY IN COLIURBLOCK SIGNATURE TAN RUST
WOMEN BAGS,1900000.0,COACH,COACH 91127 ELLE DALMATION BACKPACK
WOMEN BAGS,1450000.0,KATE SPADE,KATE SPADE WKRU7034 JAE GARDEN VINE MEDIUM SATCHEL NIGHTCAP MULTI
WOMEN BAGS,1950000.0,KATE SPADE,KATE SPADE WKRU6951 STACI MEDIUM SATCHEL BLACK
WOMEN BAGS,1700000.0,MICHAEL KORS,MICHAEL KORS 35T0G0XM2B MOTT MEDIUM MESSENGER BROWN
WOMEN BAGS,1700000.0,MICHAEL KORS,MICHAEL KORS 35T0G0XM2B MOTT MEDIUM MESSENGER BROWN
WOMEN BAGS,1950000.0,MICHAEL KORS,MICHAEL KORS 35T0G0XS7B MOTT LARGE SIG BROWN
Women Shoes,1400000.0,MICHAEL KORS,MICHAEL KORS  FULTON SAFIANO FLAT SHOES BLACK GOLD
Men Watches,1400000.0,FOSSIL,FOSSIL FS5210IE FOSSIL WATCH
WOMEN BAGS,1950000.0,MICHAEL KORS,MICHAEL KORS 30S0GTTT6B JET SET ITEM MEDIUM TOTE SIGNATURE BROWN
WOMEN BAGS,2000000.0,COACH,COACH F72703 LEATHER JES MESSENGER BLACK
WOMEN BAGS,2350000.0,MICHAEL KORS,MICHAEL KORS 35S0GXZS7B TEAGEN LARGE SIGNATURE WHITE
WOMEN BAGS,3800000.0,COACH,COACH 31210 CHARLIE CARRYAL SIGNATURE TAN RUST
WOMEN BAGS,1700000.0,MICHAEL KORS,MICHAEL KORS 35T0G0XM2B MOTT MEDIUM MESSENGER BROWN
Women Wallets,1100000.0,ETIENNE AIGNER,AIGNER 0506 TRAVEL COL BURGUNDY
WOMEN BAGS,2350000.0,MICHAEL KORS,MICHAEL KORS 35S0GXZS7B TEAGEN LARGE SIGNATURE WHITE
Women Wallets,500000.0,FOSSIL,FOSSIL SWL2001839 SOFIA CARDCASE METALLIC
WOMEN BAGS,1850000.0,KATE SPADE,KATE SPADE WKRU6797 MEDIUM TRIPLE COMPARTMENT SATCHEL JACKSON TROPICAL TOSS
WOMEN BAGS,1950000.0,KATE SPADE,KATE SPADE WKRU7087 PAYTON MEDIUM DOME SATCHEL COLOURBLOCK BEUTRAL MULTI
Women Wallets,700000.0,KATE SPADE,KATE SPADE WLRU5943 NYLON BLACK DOUBLE WRISLET
Men Watches,1200000.0,FOSSIL,FOSSIL FS5476 MEN WATCH
WOMEN BAGS,2650000.0,MICHAEL KORS,MICHAEL KORS 30F9GI6L2L JESSIE GOLD HARDWARE BLACK
WOMEN BAGS,2050000.0,MICHAEL KORS,MICHAEL KORS 30S0GTTT7B JET SET ITEM LARGE PKT MF TOTE BROWN ACORN
WOMEN BAGS,1550000.0,KATE SPADE,KATE SPADE WKRU6537 HAYDEN TOP ZIP TOTE BLACK
WOMEN BAGS,1650000.0,MICHAEL KORS,MICHAEL KORS 35T9GBFL2J FLAP SIGNATURE BROWN (STRIPE YELLOW)
Men Watches,1200000.0,FOSSIL,FOSSIL FS5628 GRANT CHRONOGRAPH
WOMEN BAGS,1950000.0,MICHAEL KORS,MICHAEL KORS 35T0G0XS7B MOTT LARGE SIG BROWN
WOMEN BAGS,1250000.0,FOSSIL,FOSSIL ZB7937001 ELLE E CROSSBODY BLACK
WOMEN BAGS,2600000.0,KATE SPADE,KATE SPADE PXRUB327 MARGAUX LEMONS MEDIUM SATCHEL BLUE MULTI
WOMEN BAGS,1850000.0,MICHAEL KORS,MICHAEL KORS 35T0GBFS5B BEDFORD SMALL DUFFLE SATCHEL VANILLA MULTI
Women Wallets,950000.0,MICHAEL KORS,MICHAEL KORS 35F9GFTE3B FULTON SIG WHITE WALLET
WOMEN BAGS,3150000.0,KATE SPADE,KATE SPADE PXRUA167 NICOLA TWISTLOCK MEDIUM SHOULDER BAG TAWNY
WOMEN BAGS,2250000.0,COACH,COACH 91019 KLARE XBODY SIGNATURE KHAKI BLACK
WOMEN BAGS,4950000.0,COACH,COACH 73723 TABBY PEBBLE SHOULDER BAG BLACK
WOMEN BAGS,5550000.0,TORY BURCH,TORY BURCH 644220220 FLEMING SOFT CONVERTIBLE SHOULDER BAG NEW CREAM
WOMEN BAGS,2250000.0,COACH,COACH F48735 CARRYALL SIGNATURE AVENUE LIGHT KHAKI CHALK
WOMEN BAGS,1100000.0,KATE SPADE,KATE SPADE 8ARU6864 LAPTOP CASES CHERRIES UNIVERSAL LAPTOP BLACK MULTI
WOMEN BAGS,1500000.0,KATE SPADE,MICHAEL KORS 38H9CCPC3B CINDY LARGE DOME CROSSBODY BROWN
WOMEN BAGS,1100000.0,KATE SPADE,KATE SPADE 8ARU6864 LAPTOP CASES CHERRIES UNIVERSAL LAPTOP BLACK MULTI
MEN BAGS,1850000.0,COACH,COACH 3990 WARREN BELTBAG MARVEL BLACK
WOMEN BAGS,2450000.0,MICHAEL KORS,MICHAEL KORS 35T0GX0L6B ROSE MEDIUM FLAP SHOULDER VEGAN FAUX LEATHER EMBOSSED BLACK
WOMEN BAGS,2850000.0,TORY BURCH,TORY BURCH 60227 KIRA CHEVRON SMALL CAMERA BAG GREEN
WOMEN BAGS,2300000.0,MICHAEL KORS,MICHAEL KORS 30F9GI6L2L JESSIE MEDIUM FLAP SHOULDER OLIVE
WOMEN BAGS,2950000.0,MICHAEL KORS,MICHAEL KORS 30S0G0EL2V CECE MEDIUM CHAIN SHOULDER BALLET MULTI
WOMEN BAGS,2150000.0,COACH,COACH F83607 ROWAN SIGNATURE BROWN BLACK
WOMEN BAGS,2150000.0,COACH,COACH F83607 ROWAN SIGNATURE BROWN BLACK
WOMEN BAGS,1950000.0,KATE SPADE,KATE SPADE PXRUA750 VANITY SPARKLE MINI TOP GANDLE BLAZERBLUE
WOMEN BAGS,2950000.0,MICHAEL KORS,MICHAEL KORS 30S0G0EL2B CECE MEDIUM CHAIN SHOULDER BROWN BLACK
Women Shoes,2550000.0,TORY BURCH,TORY BURCH MINNIE TRAVEL BALLET FLAT SHOES MAROON
Women Shoes,2550000.0,TORY BURCH,TORY BURCH MINNIE CAP-TOE BALLET SHOES PERFECT BLACK
WOMEN BAGS,2150000.0,MICHAEL KORS,MICHAEL KORS 35T0GW5L2B WANDA MEDIUM SHOULDER BROWN
WOMEN BAGS,4850000.0,TORY BURCH,TORY BURCH 59705 KIRA MIXED-MATERIALS TOP HANDLE SATCHEL BLACK
WOMEN BAGS,3050000.0,TORY BURCH,TORY BURCH 60227 KIRA CHEVRON SMALL CAMERA BAG GREEN
WOMEN BAGS,2600000.0,KATE SPADE,KATE SPADE PXRUB327 MARGAUX LEMONS MEDIUM SATCHEL BLUE MULTI
WOMEN BAGS,2750000.0,KATE SPADE,KATE SPADE PXRUA161 MARGAUX WHITE BLUE
Women Wallets,1100000.0,MICHAEL KORS,MICHAEL KORS 35F8GTVW0B  JET SET TRAVEL DOUBLE ZIP SIG BROWN
Women Wallets,1100000.0,MICHAEL KORS,MICHAEL KORS 35F8GTVW0B WRISLET DOUBLE ZIP LARGE SIG VANILLA
WOMEN BAGS,2950000.0,MICHAEL KORS,MICHAEL KORS 30S0G0EL2V CECE MEDIUM CHAIN SHOULDER BROWN MULTI
WOMEN BAGS,2950000.0,MICHAEL KORS,MICHAEL KORS 30S0G0EL2V CECE MEDIUM CHAIN SHOULDER BALLET MULTI
Women Wallets,650000.0,FOSSIL,FOSSIL SWL2245015 MADISON CLUTCH BLACK/BROWN
WOMEN BAGS,2650000.0,MICHAEL KORS,MICHAEL KORS 30F9GZ5L6L MERCER GALLERY MEDIUM CONVETTI BUCKET SHOULDER LEATHER ARMY GREEN
WOMEN BAGS,1950000.0,KATE SPADE,KATE SPADE PXRUA750 VANITY SPARKLE MINI TOP GANDLE BLAZERBLUE
WOMEN BAGS,2150000.0,COACH,COACH F83607 ROWAN SIGNATURE KHAKI SADDLE
WOMEN BAGS,2050000.0,COACH,COACH 90738 HOBO SKYLAR SIGNATURE BROWN BLACK
WOMEN BAGS,2600000.0,KATE SPADE,KATE SPADE PXRUA245 NICOLA TWISTLOCK SMALL SHOULDER BAG BLACK
WOMEN BAGS,2950000.0,MICHAEL KORS,MICHAEL KORS 30S0G0EL2V CECE MEDIUM CHAIN SHOULDER BROWN MULTI
WOMEN BAGS,3650000.0,COACH,COACH 651 LORA BUCKET WHIPSTITCH TAUPE
WOMEN BAGS,2150000.0,COACH,COACH F83607 ROWAN SIGNATURE KHAKI SADDLE
WOMEN BAGS,2150000.0,COACH,COACH F83607 ROWAN SIGNATURE KHAKI CHALK
WOMEN BAGS,2950000.0,MICHAEL KORS,MICHAEL KORS 30S0G0EL2B CECE MEDIUM CHAIN SHOULDER BROWN BLACK
WOMEN BAGS,2300000.0,MICHAEL KORS,MICHAEL KORS 30F9GI6L2L JESSIE MEDIUM FLAP SHOULDER OLIVE
Men Wallets,950000.0,MICHAEL KORS,MICHAEL KORS 36U0GFF1L GIFTING 3 IN 1 WALLET BOX SET LEATHER NAVY
WOMEN BAGS,2400000.0,KATE SPADE,KATE SPADE PXRUA540 MARGAUX MINI SATCHEL BLACK
Women Wallets,1100000.0,MICHAEL KORS,MICHAEL KORS 35F8GTVW0B  JET SET TRAVEL DOUBLE ZIP SIG BROWN
WOMEN BAGS,3100000.0,COACH,COACH 69422 COACH SIGNATURE CENTRAL TOTE ZIP TAN RUST
WOMEN BAGS,3650000.0,COACH,COACH 597 SHAY SHOULDER SIGNATURE TAN RUST
WOMEN BAGS,1850000.0,MICHAEL KORS,MICHAEL KORS 35T0GBFS5B BEDFORD SMALL DUFFLE SATCHEL VANILLA MULTI
WOMEN BAGS,2950000.0,MICHAEL KORS,MICHAEL KORS 30S0G0EL2V CECE MEDIUM CHAIN SHOULDER BALLET MULTI
WOMEN BAGS,1500000.0,MICHAEL KORS,MICHAEL KORS 38H9CCPC3B CINDY LARGE DOME CROSSBODY VANILLA
WOMEN BAGS,1900000.0,ETIENNE AIGNER,AIGNER PINA TRAVEL CO SIG BROWN
WOMEN BAGS,4000000.0,TORY BURCH,TORY BURCH 75212 WALKER WEBBING SMALL SATCHEL AVIATION RIBBON STRIPE
Women Wallets,1100000.0,MICHAEL KORS,MICHAEL KORS 35F8GTVW0B WRISLET DOUBLE ZIP LARGE SIG VANILLA
WOMEN BAGS,1550000.0,COACH,COACH 69688 DREAMER WALLET COLOURBLOCK SIG CANVAS TAN RUST
WOMEN BAGS,2450000.0,COACH,COACH 90400 KLARE CROSSBODY SIGNATURE SNAKE KHAKI MULTI
WOMEN BAGS,1950000.0,MICHAEL KORS,MICHAEL KORS 38F9GFTH7B FULTON LARGE HOBO BROWN/ACORN
WOMEN BAGS,2050000.0,MICHAEL KORS,MICHAEL KORS 30S0GTTT7B JET SET ITEM LARGE POCKET TOTEBAG VANILLA
WOMEN BAGS,3550000.0,TORY BURCH,TORY BURCH 60227 KIRA CHEVRON SMALL CAMERA BAG PINK MOON
WOMEN BAGS,2150000.0,COACH,COACH F83607 ROWAN SIGNATURE KHAKI CHALK
WOMEN BAGS,2050000.0,MICHAEL KORS,MICHAEL KORS 30S0GTTT7B JET SET ITEM LARGE PKT MF TOTE BROWN ACORN
WOMEN BAGS,5500000.0,TORY BURCH,TORY BURCH 644220220 FLEMING SOFT CONVERTIBLE SHOULDER BAG NEW CREAM
WOMEN BAGS,3800000.0,COACH,COACH 31210 CHARLIE CARRYAL SIGNATURE TAN RUST
Women Shoes,1400000.0,MICHAEL KORS,MICHAEL KORS FLAT SHOES STUD VANILLA
WOMEN BAGS,1950000.0,MICHAEL KORS,MICHAEL KORS 38F9GFTH7B FULTON LARGE HOBO VANILLA/ACORN
Women Wallets,600000.0,KATE SPADE,KATE SPADE WLRU6027 MINNIE MOUSE CARD CASE BLACK
WOMEN BAGS,2450000.0,COACH,COACH 76684 CASSIDY TOP HANDLE CROSSBODY CHALK OXBLOOD
WOMEN BAGS,1850000.0,MICHAEL KORS,MICHAEL KORS 35T0GBFS5B BEDFORD SMALL DUFFLE SATCHEL VANILLA MULTI
WOMEN BAGS,1850000.0,MICHAEL KORS,MICHAEL KORS 35T9GBFU3J BEDFORD SIG LARGE DUFFLE LUGGAGE (Yellow Strip)
Women Wallets,600000.0,KATE SPADE,KATE SPADE WLR00139 STACI CARD CASE LANYARD BLACK
WOMEN BAGS,600000.0,KATE SPADE,KATE SPADE WLRU6012 CAMERON CARD CASE LANYARD WARM BEIGE
WOMEN BAGS,3100000.0,COACH,COACH 69422 COACH SIGNATURE CENTRAL TOTE ZIP TAN RUST
WOMEN BAGS,2150000.0,COACH,COACH F79998 PRAIRIE SIG KH SADDLE
WOMEN BAGS,1550000.0,bimba y lola,BIMBA Y LOLA SLING BLACK
WOMEN BAGS,1550000.0,MICHAEL KORS,MICHAEL KORS 37U9LCRC8L COOPER SLINGPACK LEATHER BLACK
WOMEN BAGS,1150000.0,KATE SPADE,KATE SPADE 8ARU6859 IPHONE CASES CHERRIES PHONE BLACKMULTI
Women Watches,1200000.0,FOSSIL,FOSSIL fs5687
Women Shoes,1300000.0,MICHAEL KORS,MICHAEL KORS KENDRICK FLAT SHOES FLOWER BROWN
WOMEN BAGS,2450000.0,MICHAEL KORS,MICHAEL KORS 35T0UX0L2U ROSE MEDIUM FLAP SHOULDER VEGAN FAUX LEATHER BLACK (black hardware)
WOMEN BAGS,2150000.0,COACH,COACH F83607 ROWAN SIGNATURE BROWN BLACK
WOMEN BAGS,2450000.0,COACH,COACH 90400 KLARE CROSSBODY SIGNATURE SNAKE KHAKI MULTI
WOMEN BAGS,2600000.0,KATE SPADE,KATE SPADE PXRUA245 NICOLA TWISTLOCK SMALL SHOULDER BAG BLACK
MEN BAGS,1700000.0,COACH,COACH 89920 EDGE BELTBAG AEGEAN ORANGE
WOMEN BAGS,1650000.0,KATE SPADE,KATE SPADE WKRU5967 REVERSIBLE TOTE ARCH PAPER ROSE PINK MULTI
WOMEN BAGS,2100000.0,COACH,COACH F27583 MINI SIERA SIGNATURE BROWN BLACK
Women Wallets,1350000.0,MICHAEL KORS,MICHAEL KORS 32T9GF5C0L MOTT PHONE CROSSBODY VANILLA
WOMEN BAGS,2900000.0,COACH,COACH 31666 PRAIRIE SIGNATURE TAN RUST
WOMEN BAGS,1150000.0,KATE SPADE,KATE SPADE 8ARU6859 IPHONE CASES CHERRIES PHONE BLACKMULTI
WOMEN BAGS,3150000.0,KATE SPADE,KATE SPADE PXRUA167 NICOLA TWISTLOCK MEDIUM SHOULDER BAG TAWNY
WOMEN BAGS,3700000.0,COACH,COACH 89003 CHARLIE BUCKET SIGNATURE CHALK
WOMEN BAGS,2100000.0,COACH,COACH F27583 MINI SIERA SIGNATURE BROWN BLACK
WOMEN BAGS,2100000.0,COACH,COACH F27583 MINI SIERA SIGNATURE BROWN BLACK
WOMEN BAGS,3950000.0,COACH,COACH 79242 QUILTED MELODY SHOULDER CADET
WOMEN BAGS,2100000.0,COACH,COACH F27591 MINI SIERA BLACK
Women Shoes,3200000.0,TORY BURCH,TORY BURCH MINNIE TRAVEL BALLET FLAT SHOES SUEDE GREY
WOMEN BAGS,1100000.0,KATE SPADE,KATE SPADE WKRU6592 HOLLIE SPADE CLOVER GEO DOME CROSSBODY DENIM MULTI
WOMEN BAGS,2100000.0,COACH,COACH F27583 MINI SIERA SIGNATURE BROWN BLACK
WOMEN BAGS,650000.0,MICHAEL KORS,MICHAEL KORS 35T0GTFF2C TRAVEL MEDIUM POUCH ROSE
WOMEN BAGS,3100000.0,COACH,COACH 54640 SWAGGER CROSSBODY BLACK
MEN BAGS,1850000.0,COACH,COACH 3990 WARREN BELTBAG MARVEL BLACK
Women Wallets,1350000.0,MICHAEL KORS,MICHAEL KORS 32T9GF5C0L MOTT PHONE CROSSBODY VANILLA
WOMEN BAGS,1500000.0,MICHAEL KORS,MICHAEL KORS 38H9CCPC3B CINDY LARGE DOME CROSSBODY VANILLA
WOMEN BAGS,2250000.0,COACH,COACH F48735 CARRYALL SIGNATURE AVENUE LIGHT KHAKI CHALK
Women Wallets,384114.0,KATE SPADE,KATE SPADE WLRO0202 JAE ELEGANT BOW CARD CASE LANYARD MULTI
WOMEN BAGS,1950000.0,MICHAEL KORS,MICHAEL KORS 38F9GFTH7B FULTON LARGE HOBO VANILLA/ACORN
WOMEN BAGS,2650000.0,MICHAEL KORS,MICHAEL KORS 30F0LZ5L8L MERCER GALLERY CONV BUCKET SHOULDER MEDIUM CORAL
Women Shoes,1300000.0,MICHAEL KORS,MICHAEL KORS KENDRICK FLAT SHOES FLOWER BROWN
Women Shoes,1550000.0,bimba y lola,BIMBA Y LOLA SNEAKER BLUE STRAP SHOES
WOMEN BAGS,2700000.0,MICHAEL KORS,MICHAEL KORS 30F9SI6L2L JESSIE MEDIUM FLAP SHLDR SILVER HARDWARE BLACK
WOMEN BAGS,3800000.0,COACH,COACH 51728 CHARLIE CARRYALL SIGNATURE LEATHER OXBLOOD
WOMEN BAGS,2100000.0,COACH,COACH F27583 MINI SIERA SIGNATURE BROWN BLACK
WOMEN BAGS,1550000.0,KATE SPADE,KATE SPADE WKRU6537 HAYDEN TOP ZIP TOTE BLACK
WOMEN BAGS,1900000.0,MICHAEL KORS,MICHAEL KORS 32F5GAVC1L AVA XS CROSSBODY LEATHER BLACK
WOMEN BAGS,2250000.0,MICHAEL KORS,MICHAEL KORS 30S9G09S6L HOUSTON MEDIUM DOUBLE ZIP SATCHEL LEATHER BLACK
WOMEN BAGS,2250000.0,MICHAEL KORS,MICHAEL KORS 30F9GCAS1B CAMILLE SMALL SATCHEL BROWN/ACORN
WOMEN BAGS,1600000.0,KATE SPADE,KATE SPADE PXRUA384 SAM CANVAS PLUNGE MEDIUM SATCHEL JUICY ORANGE
WOMEN BAGS,1600000.0,KATE SPADE,KATE SPADE PXRUA384 SAM CANVAS PLUNGE MEDIUM SATCHEL TOASTEDALM
Women Wallets,1350000.0,MICHAEL KORS,MICHAEL KORS 32T9GF5C0L MOTT PHONE CROSSBODY VANILLA
WOMEN BAGS,1650000.0,MICHAEL KORS,MICHAEL KORS 35T9GBFL2J FLAP SIGNATURE BROWN (STRIPE YELLOW)
WOMEN BAGS,2550000.0,KATE SPADE,KATE SPADE PXRUB224 SPENCER SNAKE EMBOSSED MINI SATCHEL YELLOW MULTI
Men Belts,1000000.0,MICHAEL KORS,MICHAEL KORS 36H9MBPNY4V BELT BOX SET SIG SMALL BROWN
WOMEN BAGS,2750000.0,KATE SPADE,KATE SPADE PXRUA478 AMELIA TWISTLOCK SMALL CONV CHAIN SHOULDER BAG BLACK
WOMEN BAGS,1650000.0,KATE SPADE,KATE SPADE WKRU7011 EVA SMALL TOP ZIP SATCHEL NOUVEAU BLOOM MULTI
Women Wallets,700000.0,KATE SPADE,KATE SPADE WLRU6009 HOLLIE SPADE CLOVER GEO SMALL SLIM BIFOLD PINK MULTI
WOMEN BAGS,2500000.0,COACH,COACH 78801 RCL SIG MACYS CHAIN CROSSBODY YELLOW
WOMEN BAGS,2150000.0,COACH,COACH F83607 ROWAN SIGNATURE KHAKI SADDLE
WOMEN BAGS,2100000.0,COACH,COACH 4516 TYLOR TOTE NAW SUNGLASS LIGHT CORAL MULTI
Women Wallets,1100000.0,MICHAEL KORS,MICHAEL KORS 35F8GTVW0B  JET SET TRAVEL DOUBLE ZIP SIG BROWN
WOMEN BAGS,1900000.0,ETIENNE AIGNER,AIGNER PINA TRAVEL CO SIG BROWN
WOMEN BAGS,1900000.0,MICHAEL KORS,MICHAEL KORS 32F5GAVC1L AVA XS CROSSBODY LEATHER BLACK
WOMEN BAGS,2450000.0,MICHAEL KORS,MICHAEL KORS 35T0UX0L2U ROSE MEDIUM FLAP SHOULDER VEGAN FAUX LEATHER BLACK (black hardware)
WOMEN BAGS,1700000.0,MICHAEL KORS,MICHAEL KORS 35T0G0XM2B MOTT MEDIUM MESSENGER BROWN
WOMEN BAGS,2400000.0,COACH,COACH 77897 CASSIDY TOP HANDLE LEATHER BLACK
Men Watches,1350000.0,FOSSIL,FOSSIL CH2565
WOMEN BAGS,2050000.0,MICHAEL KORS,MICHAEL KORS 38H9GIHL2L LILLIAN MEDIUM SHOULDER LEATHER LUGGAGE
WOMEN BAGS,2700000.0,TORY BURCH,TORY BURCH 53304 GEMINI LINK CANVAS SMALL TOTE LIGHT UMBER GEMINI
WOMEN BAGS,1850000.0,KATE SPADE,KATE SPADE WKRU6778 JACKSON BOARDWALK STRIPE MEDIUM TRIPLE COMPARTMENT SATCHEL NAVY
Women Shoes,1300000.0,MICHAEL KORS,MICHAEL KORS CITY BALLET FLATS BLACK
Women Wallets,950000.0,COACH,COACH 23553 WALLET SIGNATURE PVC MEDIUM ZIP KHAKI AQUA
WOMEN BAGS,3100000.0,COACH,COACH 54640 SWAGGER CROSSBODY BLACK
WOMEN BAGS,2250000.0,MICHAEL KORS,MICHAEL KORS 30F9GCAS1B CAMILLE SMALL SATCHEL VANILLA/ACORN
WOMEN BAGS,4100000.0,COACH,COACH 79242 QUILTED MELODY SHOULDER BLACK
WOMEN BAGS,2450000.0,MICHAEL KORS,MICHAEL KORS 35T0UX0L2U ROSE MEDIUM FLAP SHOULDER VEGAN FAUX LEATHER BLACK (gold hardware)
Women Wallets,750000.0,KATE SPADE,KATE SPADE WLRU6009 HOLLIE SPADE CLOVER GEO SMALL SLIM BIFOLD PINK MULTI
WOMEN BAGS,2450000.0,MICHAEL KORS,MICHAEL KORS 35T0UX0L2U ROSE MEDIUM FLAP SHOULDER VEGAN FAUX LEATHER BLACK (black hardware)
WOMEN BAGS,2450000.0,MICHAEL KORS,MICHAEL KORS 35T0GX0L6B ROSE MEDIUM FLAP SHOULDER VEGAN FAUX LEATHER EMBOSSED BLACK
Women Wallets,1000000.0,MICHAEL KORS,MICHAEL KORS 32S0G00E2L MK CHARM MEDIUM TAB WALLET LEATHER DARK CHAMBRAY
WOMEN BAGS,1900000.0,ETIENNE AIGNER,AIGNER PINA TRAVEL CO SIG BROWN
WOMEN BAGS,1850000.0,MICHAEL KORS,MICHAEL KORS 35T0GBFS5B BEDFORD SMALL DUFFLE SATCHEL VANILLA MULTI
WOMEN BAGS,1650000.0,MICHAEL KORS,MICHAEL KORS 30H6GTVM3V JET SET TRAVEL LARGE MESSENGER ADMIRAL/PALEBLUE
WOMEN BAGS,3950000.0,COACH,COACH 73547 MXD LEATHER DREAMER BLACK
WOMEN BAGS,4900000.0,COACH,COACH 91215 SIGNATURE COACH TABBY TAN BLACK
WOMEN BAGS,1350000.0,FOSSIL,FOSSIL ZB7995721 BILLIE CROSSBODY MUSTARD GOLD
WOMEN BAGS,1850000.0,ETIENNE AIGNER,ETIENNE AIGNER EA19SM1901SFBOR LEAH CROSSBODY BURNT ORANGE
WOMEN BAGS,2000000.0,KATE SPADE,KATE SPADE WKRU6719 EMELYN BRIAR LANE QUILTED COLOURBLOCK WHITE DOVE MULTI
WOMEN BAGS,3000000.0,TORY BURCH,TORY BURCH 58403 PERRY NYLON ROYAL NAVY
WOMEN BAGS,1500000.0,tumi,TUMI RUMA NYLON CROSSBODY
Women Wallets,400000.0,FOSSIL,FOSSIL SWL2377656 MADISON BIFOLD DUSTY ROSE LOVE
WOMEN BAGS,1150000.0,FOSSIL,FOSSIL ZB7995721 BILLIE CROSSBODY MUSTARD GOLD
WOMEN BAGS,1650000.0,FOSSIL,FOSSIL ZB7916200 MEGAN MINI BACKPACK BROWN
WOMEN BAGS,1500000.0,MICHAEL KORS,MICHAEL KORS 35S0SF0M2P FULTON SPORT MEDIUM BUCKET MESSENGER BLACK
Women Wallets,550000.0,FOSSIL,FOSSIL SWL2434142 MADISON CLUTCH TROPICAL
WOMEN BAGS,1350000.0,FOSSIL,FOSSIL ZB7998101 CAMILLA SMALL BACKPACK NATURAL
WOMEN BAGS,600000.0,KATE SPADE,KATE SPADE WLRU6012 CAMERON CARD CASE LANYARD WARM BEIGE
Women Wallets,650000.0,FOSSIL,FOSSIL SWL2442239 MADISON ZIP CLUTCH CARAMEL
Women Wallets,400000.0,FOSSIL,FOSSIL SWL2378717 MADISON BIFOLD GOLDEN YELLOW
MEN BAGS,1550000.0,MICHAEL KORS,MICHAEL KORS 37S0LKSA9C KENT SPORT DOUBLE ZIP SPORT BRIEFCASE BLACK
WOMEN BAGS,2700000.0,TORY BURCH,TORY BURCH 53304 GEMINI LINK CANVAS SMALL TOTE LIGHT UMBER GEMINI
Women Wallets,500000.0,FOSSIL,FOSSIL SWL2377690 MADISON BIFOLD FUCHSIA
WOMEN BAGS,1700000.0,MICHAEL KORS,MICHAEL KORS 35T0G0XM2B MOTT MEDIUM MESSENGER BROWN
Women Watches,1000000.0,FOSSIL,FOSSIL BQ3302 BLUE STRAP WOMEN WATCH
Women Watches,1750000.0,FOSSIL,FOSSIL FTW6058 SPORT SMARTWATCH PINK
WOMEN BAGS,1500000.0,MICHAEL KORS,MICHAEL KORS 35H9SE0S1L ELLIS SMALL CONV SATCHEL STUD NAVY
Women Watches,2200000.0,FOSSIL,FOSSIL FTW6040 SMARTWATCH WOMEN GOLD STAINLESS
Women Wallets,650000.0,FOSSIL,FOSSIL SWL2245015 MADISON CLUTCH BLACK/BROWN
WOMEN BAGS,1700000.0,MICHAEL KORS,MICHAEL KORS 35T0GU2C0B SURI SMALL BUCKET SIGNATURE BROWN PINK
WOMEN BAGS,1850000.0,MICHAEL KORS,MICHAEL KORS 35T0GBFS5B BEDFORD SMALL DUFFLE SATCHEL STRIPE TANGERINE SIGNATURE BROWN
WOMEN BAGS,1500000.0,KATE SPADE,KATE SPADE WKRU7031 JOE QUILTED MEDIUM SATCHEL BLACK
Women Wallets,950000.0,MICHAEL KORS,MICHAEL KORS 35F9GFTE3B FULTON SIG WHITE WALLET
WOMEN BAGS,2250000.0,MICHAEL KORS,MICHAEL KORS 38H9GIVM6B SIERRA MEDIUM MESSENGER VANILLA
Women Wallets,1250000.0,MICHAEL KORS,MICHAEL KORS 32T7GAFW4L JET SET DOUBLE ZIP WRISTLET LEATHER DARK CHAMBRAY
WOMEN BAGS,2100000.0,bimba y lola,BIMBA Y LOLA RED TOP BACKPACK
WOMEN BAGS,2650000.0,MICHAEL KORS,MICHAEL KORS 30F9GZ5L6L MERCER GALLERY MEDIUM CONVETTI BUCKET SHOULDER LEATHER NAVY
WOMEN BAGS,3150000.0,KATE SPADE,KATE SPADE PXRUA167 NICOLA TWISTLOCK MEDIUM SHOULDER BAG TAWNY
WOMEN BAGS,2200000.0,FOSSIL,FOSSIL ZB7256200 RACHEL SATCHEL BROWN
Women Watches,2200000.0,FOSSIL,FOSSIL FTW6040 SMARTWATCH WOMEN GOLD STAINLESS
WOMEN BAGS,1650000.0,KATE SPADE,KATE SPADE WKRU7011 EVA SMALL TOP ZIP SATCHEL NOUVEAU BLOOM MULTI
WOMEN BAGS,2250000.0,COACH,COACH 38696 CHAISE CROSSBODY COLOURBLOCK TAUPE MULTI
WOMEN BAGS,2650000.0,MICHAEL KORS,MICHAEL KORS 30F9GI6L2L JESSIE GOLD HARDWARE BLACK
WOMEN BAGS,1850000.0,MICHAEL KORS,MICHAEL KORS 35T0GBFS5B BEDFORD SMALL DUFFLE SATCHEL VANILLA MULTI
WOMEN BAGS,4850000.0,TORY BURCH,TORY BRUCH 61674 KIRA CHEVRON TOP HANDLE SATCHEL RED APPLE
Women Watches,1200000.0,OLIVIA BURTON,OLIVIA BURTON OB16MV78
Women Shoes,2100000.0,TORY BURCH,TORY BURCH INES SLIDES SANDALS BLACK
Women Watches,1300000.0,COACH,COACH 14503146 BOYFRIEND RUBBER WHITE SILVER
WOMEN BAGS,1700000.0,KATE SPADE,KATE SPADE WKRU6704 ROWE SMALL TOP ZIP SATCHEL PERIWINKLE TWILIGHT
Women Shoes,1400000.0,MICHAEL KORS,MICHAEL KORS FLAT SHOES STUD SIG PINK
WOMEN BAGS,2750000.0,MICHAEL KORS,MICHAEL KORS 32S9G0EC0B CECE XS CHAIN XBODY BROWN/ACORN
Women Shoes,1400000.0,MICHAEL KORS,MICHAEL KORS FLAT SHOES STUD BROWN BLACK
WOMEN BAGS,2150000.0,MICHAEL KORS,MICHAEL KORS 35T0GW5L2B WANDA MEDIUM SHOULDER BROWN
Women Shoes,1400000.0,MICHAEL KORS,MICHAEL KORS FLAT SHOES STUD BROWN BLACK
WOMEN BAGS,2400000.0,KATE SPADE,KATE SPADE PXRUA540 MARGAUX MINI SATCHEL BLACK
Women Wallets,500000.0,FOSSIL,FOSSIL SWL2390678 MADISON BIFOLD PINK STRIPE
WOMEN BAGS,2550000.0,TORY BURCH,TORY BURCH 74464 PERRY NYLON CROSSBODY BLACK
Women Watches,1700000.0,MICHAEL KORS,MICHAEL KORS MK7096
WOMEN BAGS,1850000.0,COACH,COACH 2405 BELT BAG WARREN SIGNATURE MARVEL CHALK MULTI
WOMEN BAGS,2250000.0,MICHAEL KORS,MICHAEL KORS 30F9GCAS1B CAMILLE SMALL SATCHEL BROWN/SOFTPINK
WOMEN BAGS,3550000.0,TORY BURCH,TORY BURCH 60227 KIRA CHEVRON SMALL CAMERA BAG ROYAL NAVY
Women Shoes,1400000.0,MICHAEL KORS,MICHAEL KORS FLAT SHOES STUD BROWN BLACK
Women Wallets,1100000.0,MICHAEL KORS,MICHAEL KORS 35F8GTVW0B  JET SET TRAVEL DOUBLE ZIP SIG BROWN
Women Shoes,1400000.0,MICHAEL KORS,MICHAEL KORS FLAT SHOES STUD BROWN BLACK
Women Shoes,1400000.0,MICHAEL KORS,MICHAEL KORS  FULTON SAFIANO FLAT SHOES BLACK GOLD
WOMEN BAGS,2650000.0,MICHAEL KORS,MICHAEL KORS 32T9G0EC1L CECE XS CONVERTIBLE CHAIN XBODY SOFT PINK
WOMEN BAGS,2200000.0,KATE SPADE,KATE SPADE PXRUB369 REMEDY STRIPE SMALL TOP HANDLE YELLOWMULTI
Women Watches,1000000.0,OLIVIA BURTON,OLIVIA BURTON OB16FS81 FLOWER SHOW GREY GOLD
WOMEN BAGS,1550000.0,KATE SPADE,KATE SPADE WKRU6164 BRIAR LANE QUILTED MINI CONVERTIBLE BACKPACK BLACK
WOMEN BAGS,2250000.0,MICHAEL KORS,MICHAEL KORS 30F9GCAS1B CAMILLE SMALL SATCHEL VANILLA/ACORN
Women Shoes,1400000.0,MICHAEL KORS,MICHAEL KORS FLAT SHOES STUD BROWN BLACK
WOMEN BAGS,3650000.0,COACH,COACH 3002 TURNLOCK TOP HANDLE WITH HORSE AND CARRIAGE PRINT BLUE
WOMEN BAGS,1850000.0,MICHAEL KORS,MICHAEL KORS 35T0GBFS5B BEDFORD SMALL DUFFLE SATCHEL STRIPE TANGERINE SIGNATURE BROWN
WOMEN BAGS,1250000.0,FOSSIL,FOSSIL JR1354 MEN WATCH
WOMEN BAGS,2750000.0,KATE SPADE,KATE SPADE PXRUA478 AMELIA TWISTLOCK SMALL CONV CHAIN SHOULDER BAG BLACK
WOMEN BAGS,1250000.0,FOSSIL,FOSSIL JR1354 MEN WATCH
WOMEN BAGS,2550000.0,MICHAEL KORS,MICHAEL KORS 30FGZ5L6L MERCER GALLERY MEDIUM CONVERTIBLE BUCKET OLIVE
WOMEN BAGS,4100000.0,COACH,COACH 79242 QUILTED MELODY SHOULDER BLACK
WOMEN BAGS,4300000.0,COACH,COACH 38541 QULTING RIVETS DREAMER BLACK
Women Shoes,1400000.0,MICHAEL KORS,MICHAEL KORS FLAT SHOES STUD BROWN BLACK
WOMEN BAGS,1750000.0,MICHAEL KORS,MICHAEL KORS 35T0GERB5B ERIN SMALL CONVERTIBLE BACKPACK SIG BROWN
WOMEN BAGS,2050000.0,MICHAEL KORS,MICHAEL KORS 30S0GTTT7B JET SET ITEM LARGE PKT MF TOTE BROWN ACORN
WOMEN BAGS,6150000.0,TORY BURCH,TORY BURCH 58465 KIRA CHEVRON CONVERTIBLE SHOULDER BAG BLACK
WOMEN BAGS,6150000.0,TORY BURCH,TORY BURCH 58465 KIRA CHEVRON CONVERTIBLE SHOULDER BAG BLACK
WOMEN BAGS,2200000.0,KATE SPADE,KATE SPADE WKRU6157 BRIAR LANE QUILTED MEDIUM CONVERTIBLE SHOULDER BAG OPTIC WHITE
WOMEN BAGS,1750000.0,MICHAEL KORS,MICHAEL KORS 35T0GERB5B ERIN SMALL CONVERTIBLE BACKPACK SIG BROWN
WOMEN BAGS,2100000.0,KATE SPADE,KATE SPADE WKRU6764 CAMERON LARGE SATCHEL BLACK
WOMEN BAGS,3550000.0,COACH,COACH 88543 DREAMER 21 KISSLOCK LEATHER BLACK
WOMEN BAGS,1650000.0,KATE SPADE,KATE SPADE WKRU6593 HOLLIE SPADE CLOVER GEO LARGE TOTE PINK MULTI
Women Wallets,500000.0,KATE SPADE,KATE SPADE WLRU6154 HOLLIE SPADE CLOVER GEO EMBOSS SMALL SLIM CARD HOLD BLACK
WOMEN BAGS,2050000.0,MICHAEL KORS,MICHAEL KORS 30S0GTTT7B JET SET ITEM LARGE PKT MF TOTE BROWN ACORN
Men Watches,1150000.0,FOSSIL,FOSSIL BQ2163
WOMEN BAGS,1550000.0,FOSSIL,FOSSIL zb7997895 CAMILLA SMALL BACKPACK
WOMEN BAGS,2450000.0,MICHAEL KORS,MICHAEL KORS 30T9GNDL3L LEXINGTON LG SHOULDER LEATHER BLACK
Women Wallets,1100000.0,KATE SPADE,KATE SPADE WLRU5970 HOLLIE SPADE CLOVER GEO LARGE WALLET PURPLE MULTI
WOMEN BAGS,2250000.0,MICHAEL KORS,MICHAEL KORS 30F9GZ5L1L MERCER GALLERY SMALL CONV BUCKET SHOULDER DARK CHAMBRAY
WOMEN BAGS,2250000.0,MICHAEL KORS,MICHAEL KORS 30F9GZ5L5L MERCER GALLERY SMALL CONV BUCKET SHOULDER GREEN
WOMEN BAGS,1650000.0,KATE SPADE,KATE SPADE WKRU6992 ENCHANTED FOREST DOT LARGE REVERSIBLE TOTE BLUE MULTI
Women Shoes,1400000.0,MICHAEL KORS,MICHAEL KORS FLAT SHOES STUD VANILLA
WOMEN BAGS,1850000.0,MICHAEL KORS,MICHAEL KORS 35T0GBFS5B BEDFORD SMALL DUFFLE SATCHEL VANILLA MULTI
WOMEN BAGS,2000000.0,KATE SPADE,KATE SPADE WKRU5762 EMELYN BRIAR LANE QUILTED LIMELIGHT
Women Wallets,1100000.0,MICHAEL KORS,MICHAEL KORS 35F8STVW0B JET SET TRAVEL LARGE DOUBLE ZIP WRISLET SIG NAVY
WOMEN BAGS,5650000.0,TORY BURCH,TORY BURCH 43834 FLEMING SMALL CONV BAG BLACK
WOMEN BAGS,1900000.0,MICHAEL KORS,MICHAEL KORS 38F0GAVC0L AVA XS CROSSBODY LEATHER BLACK
WOMEN BAGS,5350000.0,TORY BURCH,TORY BURCH 67340 FLEMING SOFT PRINTED CONVERTIBLE NEW IVORY FRENCH PAISLEY FLORAL
WOMEN BAGS,5850000.0,TORY BURCH,TORY BURCH 60963 FLEMING SHOULDER BAG NEW IVORY/BLACK
WOMEN BAGS,1650000.0,KATE SPADE,KATE SPADE WKRU6704 ROWE SMALL TOTE ZIP SATCHEL BLACK
WOMEN BAGS,6200000.0,COACH,COACH 78487 SIGNATURE COACH TROUPE TOTE TAN RUST
WOMEN BAGS,2500000.0,COACH,COACH 87898 DREAMER XBODY SIGNATURE COLOURBLOCK TAN BLACK
WOMEN BAGS,5350000.0,TORY BURCH,TORY BURCH 67340 FLEMING SOFT PRINTED CONVERTIBLE NEW IVORY FRENCH PAISLEY FLORAL
WOMEN BAGS,3200000.0,MICHAEL KORS,MICHAEL KORS 30T9G0EL8L CECE MD CONVERTIBLE CHAIN SHOULDER LEATHER RED
Men Watches,1100000.0,FOSSIL,FOSSIL FS5660 THREE HAND DATE BLACK
WOMEN BAGS,3200000.0,MICHAEL KORS,MICHAEL KORS 30T9G0EL8L CECE MD CONVERTIBLE CHAIN SHOULDER LEATHER RED
Men Watches,1550000.0,MICHAEL KORS,MICHAEL KORS MK8616 MEN WATCH
Men Wallets,950000.0,MICHAEL KORS,MICHAEL KORS 36U9MCRE3B COOPER TECH ZIP AROUND ADMIRAL BLUE
WOMEN BAGS,1850000.0,MICHAEL KORS,MICHAEL KORS 35S0GXEM2T EDEN MEDIUM BUCKET SHOULDER BAG LEATHER WHITE
WOMEN BAGS,6250000.0,TORY BURCH,TORY BURCH 56716 FLEMING SOFT CONVERTIBLE SHOULDER BAG BLACK
WOMEN BAGS,1800000.0,KATE SPADE,KATE SPADE WKRU6515 EVA SPLIT HANDLE SMALL TOP ZIP SATCHEL BROWN MULTI
WOMEN BAGS,1150000.0,FOSSIL,FOSSIL ZB7914994 KINLEY SMALL CROSSBODY NEUTRAL MULTI
MEN BAGS,1950000.0,COACH,COACH F78727 TERRAIN BELTBAG SIGNATURE TAN
Women Wallets,1100000.0,KATE SPADE,KATE SPADE WLRU6153 HOLLIE SPADE CLOVER GEO EMBOSS LARGE WALLET BLACK
WOMEN BAGS,2150000.0,COACH,COACH F83607 ROWAN SIGNATURE BROWN BLACK
Women Shoes,1400000.0,MICHAEL KORS,MICHAEL KORS  FULTON SAFIANO FLAT SHOES BLACK GOLD
Women Wallets,1200000.0,KATE SPADE,KATE SPADE WLRU6244 CAMERON LEMON ZEST WALLET BLUE MULTI
WOMEN BAGS,3100000.0,COACH,COACH 69422 COACH SIGNATURE CENTRAL TOTE ZIP TAN RUST
Women Wallets,1000000.0,MICHAEL KORS,MICHAEL KORS 35F8STVF28 JET SET TRAVEL MEDIUM BIFOLD WALLET SIGNATURE BLACK
Women Watches,1100000.0,FOSSIL,FOSSIL BQ3209 STAINLESS STEEL WOMEN WATCH
Women Watches,2200000.0,FOSSIL,FOSSIL FTW6040 SMARTWATCH WOMEN GOLD STAINLESS
Women Wallets,1100000.0,MICHAEL KORS,MICHAEL KORS 35F8STVW0B JET SET TRAVEL LARGE DOUBLE ZIP WRISLET SIG NAVY
Men Watches,1450000.0,FOSSIL,FOSSIL FS5602 BOWMAN LEATHER BROWN
WOMEN BAGS,6250000.0,TORY BURCH,TORY BURCH 56716 FLEMING SOFT CONVERTIBLE SHOULDER BAG BLACK
Women Watches,1300000.0,OLIVIA BURTON,OLIVIA BURTON OB16AD44
WOMEN BAGS,1900000.0,ETIENNE AIGNER,AIGNER PINA TRAVEL CO SIG BROWN
WOMEN BAGS,1700000.0,COACH,COACH 41321 KITT MESSENGER CROSSBODY IN COLIURBLOCK SIGNATURE TAN RUST
WOMEN BAGS,2350000.0,COACH,COACH F73285 ELLE HOBO SIGNATURE KHAKI GOLD
WOMEN BAGS,2250000.0,COACH,COACH 89470 NAW PANSY PRINT CHAISE PACIFIC BLUE
Women Watches,1750000.0,MICHAEL KORS,MICHAEL KORS MK6266 GOLD STAINLESS STEEL
Men Watches,1350000.0,FOSSIL,FOSSIL BQ2408 SMOKE STAINLESS STEEL
WOMEN BAGS,1850000.0,COACH,COACH F73336 HOUSTON FLIGHT BAG SIGNATURE CHARCOAL BLACK
WOMEN BAGS,2400000.0,COACH,COACH 77897 CASSIDY TOP HANDLE LEATHER BLACK
WOMEN BAGS,1550000.0,KATE SPADE,KATE SPADE WKRU6058 PATTERSON DRIVE SMALL DOME SATCHEL BLACK
WOMEN BAGS,1900000.0,ETIENNE AIGNER,AIGNER PINA TRAVEL CO BLACK
Women Wallets,1100000.0,ETIENNE AIGNER,AIGNER 0506 TRAVEL COL BURGUNDY
WOMEN BAGS,1900000.0,MICHAEL KORS,MICHAEL KORS 38F0GAVC0L AVA XS CROSSBODY LEATHER BLACK
Women Shoes,1400000.0,MICHAEL KORS,MICHAEL KORS FLAT SHOES STUD VANILLA
WOMEN BAGS,1550000.0,KATE SPADE,KATE SPADE WKRU6164 BRIAR LANE QUILTED MINI CONVERTIBLE BACKPACK BLACK
Women Wallets,1000000.0,KATE SPADE,KATE SPADE WLRU5440 CAMERON MEDIUM BIFOLD WALLET BLACK
WOMEN BAGS,1550000.0,KATE SPADE,KATE SPADE WKRU6164 BRIAR LANE QUILTED MINI CONVERTIBLE BACKPACK BLACK
WOMEN BAGS,2150000.0,COACH,COACH F83607 ROWAN SIGNATURE BROWN BLACK
WOMEN BAGS,6250000.0,TORY BURCH,TORY BURCH 56716 FLEMING SOFT CONVERTIBLE SHOULDER BAG MOOSE
WOMEN BAGS,550000.0,KATE SPADE,KATE SPADE WLRU5972 JAE CARD CASE LANYARD FAVORIT RED
WOMEN BAGS,2150000.0,COACH,COACH 85696 LEWIS SIGNATURE BROWN BLACK
WOMEN BAGS,2350000.0,COACH,COACH F73285 ELLE HOBO SIGNATURE KHAKI GOLD
MEN BAGS,1950000.0,COACH,COACH F78727 TERRAIN BELTBAG SIGNATURE TAN
WOMEN BAGS,1750000.0,MICHAEL KORS,MICHAEL KORS 35T0GERB5B ERIN SMALL CONVERTIBLE BACKPACK SIG VANILLA
WOMEN BAGS,2650000.0,MICHAEL KORS,MICHAEL KORS 32T9G0EC1L CECE XS CONVERTIBLE CHAIN XBODY SOFT PINK
WOMEN BAGS,1950000.0,KATE SPADE,KATE SPADE PXRUA175 AMELIA MEDIUM CAMERA BAG BLACK
WOMEN BAGS,1850000.0,KATE SPADE,KATE SPADE WKRU6797 MEDIUM TRIPLE COMPARTMENT SATCHEL JACKSON TROPICAL TOSS
WOMEN BAGS,1850000.0,COACH,COACH F73336 HOUSTON FLIGHT BAG SIGNATURE CHARCOAL BLACK
WOMEN BAGS,5350000.0,TORY BURCH,TORY BURCH 67340 FLEMING SOFT PRINTED CONVERTIBLE NEW IVORY FRENCH PAISLEY FLORAL
Women Watches,1300000.0,COACH,COACH 14503146 BOYFRIEND RUBBER WHITE SILVER
WOMEN BAGS,2500000.0,COACH,COACH 87898 DREAMER XBODY SIGNATURE COLOURBLOCK TAN BLACK
WOMEN BAGS,2100000.0,COACH,COACH 91604 ROWAN ROSE BOUQETS
WOMEN BAGS,1700000.0,COACH,COACH 82061 EDGE BELT BAG COLOURBLOCK TAN
WOMEN BAGS,2150000.0,COACH,COACH 85696 LEWIS SIGNATURE BROWN BLACK
WOMEN BAGS,2550000.0,TORY BURCH,TORY BURCH 74468 PERRY NYLON ROYAL NAVY
WOMEN BAGS,2250000.0,MICHAEL KORS,MICHAEL KORS 30F9GCAS1B CAMILLE SMALL SATCHEL BROWN/SOFTPINK
WOMEN BAGS,6250000.0,TORY BURCH,TORY BURCH 56716 FLEMING SOFT CONVERTIBLE SHOULDER BAG BLACK
Women Shoes,2550000.0,TORY BURCH,TORY BURCH MINNIE TRAVEL BALLET FLAT SHOES NAVY
Men Watches,1350000.0,FOSSIL,FOSSIL BQ1007 RHETT BROWN LEATHER
WOMEN BAGS,1550000.0,KATE SPADE,KATE SPADE WKRU6712 CAMERON SMALL BUCKET BAG BLACK
WOMEN BAGS,2300000.0,KATE SPADE,KATE SPADE PXRUB085 AMELIA PEBBLE SMALL TOTE BLUSH
WOMEN BAGS,1900000.0,MICHAEL KORS,MICHAEL KORS 38F0GAVC0L AVA XS CROSSBODY LEATHER BLACK
WOMEN BAGS,650000.0,MICHAEL KORS,MICHAEL KORS 35T0GTFF2C TRAVEL MEDIUM POUCH ROSE
Women Wallets,500000.0,KATE SPADE,KATE SPADE WLRU6154 HOLLIE SPADE CLOVER GEO EMBOSS SMALL SLIM CARD HOLD PINK
Women Wallets,900000.0,MICHAEL KORS,MICHAEL KORS 35F8GTVW0L JET SET TRAVEL LARGE DOUBLE ZIP WRISLET YELLOW
Women Watches,1200000.0,MICHAEL KORS,MICHAEL KORS MK2839 WOMEN WATCH
Women Wallets,600000.0,KATE SPADE,KATE SPADE 8ARU6694 HEART SPADE PHOTO FRAME CLEAR MULTI PHONE CASE
WOMEN BAGS,3450000.0,COACH,COACH 642 LORA WILDFLOWER PRINT CHALK
WOMEN BAGS,1650000.0,COACH,COACH 1960 TERRAIN BELT BAG REEF BLUE
WOMEN BAGS,4900000.0,COACH,COACH 91215 SIGNATURE COACH TABBY TAN BLACK
WOMEN BAGS,2150000.0,COACH,COACH 85696 LEWIS SIGNATURE BROWN BLACK
Women Wallets,750000.0,KATE SPADE,KATE SPADE WLRU6009 HOLLIE SPADE CLOVER GEO SMALL SLIM BIFOLD PINK MULTI
Women Wallets,1000000.0,MICHAEL KORS,MICHAEL KORS 35F8STVF28 JET SET TRAVEL MEDIUM BIFOLD WALLET SIGNATURE BLACK
WOMEN BAGS,1350000.0,KATE SPADE,KATE SPADE WKRU5943 JACKSON BELTBAG BLACK
WOMEN BAGS,1550000.0,KATE SPADE,KATE SPADE WKRU6770 X-LARGE DOME CROSSBODY HOLLIE SPADE CLOVER GEO EMBOSS
WOMEN BAGS,2350000.0,COACH,COACH 3138 CARGO COLOURBLOCK NYLON HOBO LILAC MULTI
WOMEN BAGS,1350000.0,KATE SPADE,KATESPADE PWRU7952 SMALL DOME SPENCER FALLING FLOWER BLACKMULTI
WOMEN BAGS,2150000.0,MICHAEL KORS,MICHAEL KORS 35T0GW5L2B WANDA MEDIUM SHOULDER BROWN
Men Watches,1200000.0,FOSSIL,FOSSIL BQ2459 MEN WATCH
WOMEN BAGS,1550000.0,MICHAEL KORS,MICHAEL KORS 37U9LCRC8L COOPER SLINGPACK LEATHER BLACK
Women Wallets,600000.0,KATE SPADE,KATE SPADE WLR00139 STACI CARD CASE LANYARD BLACK
Women Wallets,550000.0,KATE SPADE,KATE SPADE WLRO0202 JAE ELEGANT BOW CARD CASE LANYARD MULTI
Women Watches,2600000.0,COACH,MICHAEL KORS MKT5070 SMARTWATCH RUBBER PINK STRAP
WOMEN BAGS,2900000.0,COACH,COACH 31666 PRAIRIE SIGNATURE TAN RUST
WOMEN BAGS,5850000.0,TORY BURCH,TORY BURCH 56757 KIRA CHEVRON TOTE CLASSIC TAUPE
WOMEN BAGS,1850000.0,MICHAEL KORS,MICHAEL KORS 35T0GBFS5B BEDFORD SMALL DUFFLE SATCHEL STRIPE TANGERINE SIGNATURE BROWN
WOMEN BAGS,1650000.0,COACH,COACH 1960 TERRAIN BELT BAG REEF BLUE
WOMEN BAGS,2050000.0,MICHAEL KORS,MICHAEL KORS 38H9GIHL2L LILLIAN MEDIUM SHOULDER LEATHER LUGGAGE
WOMEN BAGS,1850000.0,MICHAEL KORS,MICHAEL KORS 35T0GBFS5B BEDFORD SMALL DUFFLE SATCHEL STRIPE TANGERINE SIGNATURE BROWN
Women Watches,1100000.0,FOSSIL,FOSSIL BQ3456
Women Shoes,1400000.0,MICHAEL KORS,MICHAEL KORS FLAT SHOES STUD VANILLA
WOMEN BAGS,1550000.0,KATE SPADE,KATE SPADE WKRU6164 BRIAR LANE QUILTED MINI CONVERTIBLE BACKPACK BLACK
WOMEN BAGS,600000.0,COACH,COACH F63274 SIGNATURE PVC LANYARD ID KHAKI/CHALK
WOMEN BAGS,1450000.0,FOSSIL,FOSSIL ZB7314189 RACHEL SATCHEL WHITE
WOMEN BAGS,1350000.0,KATE SPADE,KATESPADE PWRU7952 SMALL DOME SPENCER FALLING FLOWER BLACKMULTI
Women Wallets,1000000.0,MICHAEL KORS,MICHAEL KORS 35F8STVF28 JET SET TRAVEL MEDIUM BIFOLD WALLET SIGNATURE BLACK
Men Watches,1350000.0,FOSSIL,FOSSIL BQ1007 RHETT BROWN LEATHER
Women Wallets,1100000.0,COACH,COACH 16109 SIGNATURE PVC DOUBLE ZIP WRISLET BROWN PINK LEMONADE
WOMEN BAGS,2550000.0,TORY BURCH,TORY BURCH 74468 PERRY NYLON ROYAL NAVY
WOMEN BAGS,4700000.0,COACH,COACH 699 COURIER SIGNATURE SHOULDER BAG TAN DARK DENIM MULTI
WOMEN BAGS,4750000.0,TORY BURCH,TORY BURCH 58465 KIRA CHEVRON CONVERTIBLE SHOULDER BAG PINK MOON
WOMEN BAGS,1700000.0,KATE SPADE,KATE SPADE WKRU6840 PIPPA FLOCK PARTY SMALL BUCKET BAG PINK MULTI
Women Wallets,750000.0,KATE SPADE,KATE SPADE WLRU6009 HOLLIE SPADE CLOVER GEO SMALL SLIM BIFOLD PINK MULTI
Women Watches,1100000.0,OLIVIA BURTON,OLIVIA BURTON OB16PL60
WOMEN BAGS,3650000.0,LONGCHAMP,Longchamp ZOF1 Le Pliage Transparent Tote In White
WOMEN BAGS,1900000.0,MICHAEL KORS,MICHAEL KORS 38F0GAVC0L AVA XS CROSSBODY LEATHER SOFT PINK
WOMEN BAGS,2700000.0,TORY BURCH,TORY BURCH 53304 GEMINI LINK CANVAS SMALL TOTE LIGHT UMBER GEMINI
WOMEN BAGS,2550000.0,COACH,COACH 76684 CASSIDY TOP HANDLE CROSSBODY CHALK OXBLOOD
WOMEN BAGS,2450000.0,MICHAEL KORS,MICHAEL KORS 35T0GX0L6B ROSE MEDIUM FLAP SHOULDER VEGAN FAUX LEATHER EMBOSSED GREY
Women Watches,2600000.0,KATE SPADE,MICHAEL KORS MKT5070 SMARTWATCH RUBBER PINK STRAP
WOMEN BAGS,1950000.0,KATE SPADE,KATE SPADE WKRU6547 ROBYN MEDIUM CHAIN SADDLE BAG BLACK
WOMEN BAGS,2650000.0,MICHAEL KORS,MICHAEL KORS 30F9GI6L2L JESSIE GOLD HARDWARE BLACK
WOMEN BAGS,3050000.0,COACH,COACH 52664 RCL PARKER ORCHID
WOMEN BAGS,2150000.0,COACH,COACH F27591 MINI SIERA BLACK
WOMEN BAGS,2150000.0,COACH,COACH 80058 LEWIS CROSSGRAIN LIGHT SADDLE
Men Watches,1200000.0,FOSSIL,FOSSIL BQ1561 WOMEN WATCH GOLD STAINLESS
WOMEN BAGS,2100000.0,KATE SPADE,KATE SPADE WKRU6764 CAMERON LARGE SATCHEL BLACK
WOMEN BAGS,3700000.0,COACH,COACH 55200 CHARLIE BUCKET SADDLE
WOMEN BAGS,2250000.0,MICHAEL KORS,MICHAEL KORS 30T0GZ5L5L MERCER GALLERY SMALL CONVERTIBLE BUCKET FAWN
WOMEN BAGS,1650000.0,KATE SPADE,KATE SPADE WKRU6704 ROWE SMALL TOTE ZIP SATCHEL BLACK
WOMEN BAGS,2150000.0,KATE SPADE,KATE SPADE PXRUA250 POLLY MEDIUM CONVERTIBLE SHOULDER BAG GREEN
WOMEN BAGS,1950000.0,MICHAEL KORS,MICHAEL KORS 35F0GP6C1U PEYTON SMALL SHOULDER FLAP XBODY BLACK
Women Wallets,1100000.0,COACH,COACH F23553 MEDIUM WALLET SIGNATURE BROWN BLACK
WOMEN BAGS,2900000.0,COACH,COACH 91053 KLARE OMBRE QUILTED XBODY CHALK MULTI
WOMEN BAGS,2250000.0,MICHAEL KORS,MICHAEL KORS 35T0GXPL20 LITA MEDIUM SHOULDER BLACK
WOMEN BAGS,3500000.0,COACH,COACH 89089 CASSIE CB 19 SIGNATURE SAND TAUPE
WOMEN BAGS,2750000.0,MICHAEL KORS,MICHAEL KORS 32S9G0EC0B CECE XS CHAIN XBODY BROWN/ACORN
WOMEN BAGS,4700000.0,COACH,COACH 699 COURIER SIGNATURE SHOULDER BAG TAN RED APPLE MULTI
WOMEN BAGS,3500000.0,COACH,COACH 89089 CASSIE CB 19 SIGNATURE SAND TAUPE
WOMEN BAGS,3500000.0,COACH,COACH 89089 CASSIE CB 19 SIGNATURE CHALK
WOMEN BAGS,2050000.0,MICHAEL KORS,MICHAEL KORS 32T0GCCC0L CARINE XS XBODY LEATHER MOSS GREEN
WOMEN BAGS,2150000.0,COACH,COACH 91603 PRAIRIE ROSE BOUQET NAVY
WOMEN BAGS,2250000.0,MICHAEL KORS,MICHAEL KORS 35T0GXPL20 LITA MEDIUM SHOULDER BLACK
WOMEN BAGS,2250000.0,MICHAEL KORS,MICHAEL KORS 35T0GXPL2B LITA MEDIUM SHOULDER SIGNATURE BROWN
WOMEN BAGS,2050000.0,MICHAEL KORS,MICHAEL KORS 32T0GCCC0L CARINE XS XBODY LEATHER MOSS GREEN
WOMEN BAGS,1350000.0,COACH,COACH C1584 NOLITA 19 SIGNATURE CHALK
WOMEN BAGS,2250000.0,MICHAEL KORS,MICHAEL KORS 35T0GXPL2B LITA MEDIUM SHOULDER SIGNATURE BROWN
WOMEN BAGS,2150000.0,COACH,COACH F27591 MINI SIERRA CROSSGRAIN SATCHEL CHALK
WOMEN BAGS,3500000.0,COACH,COACH 89089 CASSIE CB 19 SIGNATURE SAND TAUPE
WOMEN BAGS,2250000.0,MICHAEL KORS,MICHAEL KORS 35T0GXPL2B LITA MEDIUM SHOULDER SIGNATURE VANILLA
Women Watches,1550000.0,COACH,COACH 14503620 PURPLE RUBBER STRAP
Men Watches,1550000.0,MICHAEL KORS,MICHAEL KORS MK8616 MEN WATCH
Women Watches,1450000.0,COACH,COACH 14503575 PRESTON SILVER WHITE RUBBER STRAP
WOMEN BAGS,2300000.0,MICHAEL KORS,MICHAEL KORS 30F9GI6L2L JESSIE MEDIUM FLAP SHOULDER OLIVE
Women Wallets,950000.0,MICHAEL KORS,MICHAEL KORS 35F8GTVF38 JET SET TRAVEL LARGE TRIFOLD VANILLA
WOMEN BAGS,1500000.0,MICHAEL KORS,MICHAEL KORS 35S9GTVC2L MED DOME CROSSBODY LEATHER POWDER BLUSH
WOMEN BAGS,1500000.0,MICHAEL KORS,MICHAEL KORS 30H9GGHC2A GRACE MEDIUM ENVELOPE CLUTCH GOLD
WOMEN BAGS,3450000.0,COACH,COACH 91740 LORA MEDIUM BLACK
Women Watches,1150000.0,FOSSIL,FOSSIL BQ3497
WOMEN BAGS,1500000.0,MICHAEL KORS,MICHAEL KORS 30H9GGHC2A GRACE MEDIUM ENVELOPE CLUTCH BRIGHT RED
Women Watches,1450000.0,COACH,COACH 14503574 PRESTON PINK RUBBER STRAP
WOMEN BAGS,2150000.0,COACH,COACH F27591 MINI SIERRA CROSSGRAIN SATCHEL CHALK
WOMEN BAGS,1500000.0,MICHAEL KORS,MICHAEL KORS 30H9GGHC2A GRACE MEDIUM ENVELOPE CLUTCH BLACK
WOMEN BAGS,1500000.0,MICHAEL KORS,MICHAEL KORS 30H9GGHC2A GRACE MEDIUM ENVELOPE CLUTCH ROSE GOLD
WOMEN BAGS,1500000.0,MICHAEL KORS,MICHAEL KORS 30H9GGHC2A GRACE MEDIUM ENVELOPE CLUTCH BLACK
WOMEN BAGS,2550000.0,MICHAEL KORS,MICHAEL KORS 30S0GCCS2L CARINE MEDIUM SATCHEL LEATHER ARMY GREEN
WOMEN BAGS,2550000.0,MICHAEL KORS,MICHAEL KORS 30S0GCCS2L CARINE MEDIUM SATCHEL LEATHER LIGHT SAND
Women Watches,1400000.0,COACH,COACH 14503406 C DIAL SILVER STAINLESS STRAP
Women Wallets,1100000.0,COACH,COACH F23553 MEDIUM WALLET SIGNATURE KHAKI SADDLE
Women Watches,1550000.0,COACH,COACH 14502171 BOYFRIEND RED STRAP
WOMEN BAGS,2550000.0,MICHAEL KORS,MICHAEL KORS 30S0GCCS2L CARINE MEDIUM SATCHEL LEATHER LIGHT SAND
Women Watches,1400000.0,COACH,COACH 14502976 GRAND WATCH GOLD
WOMEN BAGS,1500000.0,MICHAEL KORS,MICHAEL KORS 30H9GGHC2A GRACE MEDIUM ENVELOPE CLUTCH BLACK
WOMEN BAGS,3500000.0,COACH,COACH 89089 CASSIE CB 19 SIGNATURE SAND TAUPE
Women Shoes,1300000.0,MICHAEL KORS,MICHAEL KORS KENDRICK FLAT SHOES FLOWER BROWN
WOMEN BAGS,2150000.0,COACH,COACH 91603 PRAIRIE ROSE BOUQET NAVY
WOMEN BAGS,5850000.0,TORY BURCH,TORY BURCH 60963 FLEMING SHOULDER BAG NEW IVORY/BLACK
WOMEN BAGS,1650000.0,MICHAEL KORS,MICHAEL KORS 30T2GTVM3L JET SET TRAVEL LARGE MESSENGER LEATHER LIGHT SAND
WOMEN BAGS,1850000.0,KATE SPADE,KATE SPADE WKRU6797 MEDIUM TRIPLE COMPARTMENT SATCHEL JACKSON TROPICAL TOSS
WOMEN BAGS,2150000.0,KATE SPADE,KATE SPADE PXRUA250 POLLY MEDIUM CONVERTIBLE SHOULDER BAG GREEN
WOMEN BAGS,2150000.0,KATE SPADE,KATE SPADE PXRUA250 POLLY MEDIUM CONVERTIBLE SHOULDER BAG BLUSH
WOMEN BAGS,1250000.0,MICHAEL KORS,MICHAEL KORS 332H8BF5M2U CAM BAG MD XBODY ADMIRAL/OPWT
WOMEN BAGS,1250000.0,MICHAEL KORS,MICHAEL KORS 332H8BF5M2U CAM BAG MD XBODY ADMIRAL/OPWT
WOMEN BAGS,2100000.0,MICHAEL KORS,MICHAEL KORS 30T0G04M6L SLATER MEDIUM SLING PACK MESSENGER LIGHT SAND
Women Watches,1700000.0,COACH,COACH 14503572 PRESTON CARNATION RUBBER STRAP
Women Wallets,1100000.0,COACH,COACH F23553 MEDIUM WALLET SIGNATURE KHAKI SADDLE
WOMEN BAGS,2150000.0,COACH,COACH 91603 PRAIRIE ROSE BOUQET WHITE
WOMEN BAGS,2050000.0,COACH,COACH F57842 PVC DRAWSTRING CRYALL BROWN BLACK
Women Watches,1400000.0,COACH,COACH 14503407 C DIAL ROSE GOLD STAINLESS STRAP
WOMEN BAGS,1000000.0,KATE SPADE,KATE SPADE WLRU6092 CAMERON MEDIUM BIFOLD WALLET BLACK
Women Wallets,950000.0,KATE SPADE,KATE SPADE WLRU5464 JACKSON HALF MOON WRISLET CHERRY
WOMEN BAGS,2150000.0,KATE SPADE,KATE SPADE PXRUB337 MARKET STRIPE MEDIUM TOTE MULTI
Men Watches,1150000.0,FOSSIL,FOSSIL BQ2317 THREE HAND DATE BROWN
Women Watches,1550000.0,MICHAEL KORS,MICHAEL KORS  MK2833 WOMEN WATCH
WOMEN BAGS,2050000.0,MICHAEL KORS,MICHAEL KORS 32T0GCCC0L CARINE XS XBODY LEATHER MOSS GREEN
WOMEN BAGS,2050000.0,COACH,COACH 69645 JACQUARD HORSE CARRIER CITY TOTE KHAKI CHALK
WOMEN BAGS,2100000.0,COACH,COACH 91028 HOBO SKYLAR  BLACK
WOMEN BAGS,1950000.0,KATE SPADE,KATE SPADE WKRU6754 EVA LEMON ZEST LARGE BUCKET BLUE MULTI
WOMEN BAGS,2150000.0,COACH,COACH F27591 MINI SIERA BLACK
WOMEN BAGS,1350000.0,KATE SPADE,KATE SPADE WLRU5923 JACKSON COLOURBLOCK SMALL TAB CROSSBODY NEUTRAL MULTI
Women Watches,1450000.0,COACH,COACH 14503574 PRESTON PINK RUBBER STRAP
WOMEN BAGS,2500000.0,COACH,COACH 87898 DREAMER XBODY SIGNATURE COLOURBLOCK TAN BLACK
Women Watches,1400000.0,COACH,COACH 14503492 GLITTER ROSE GOLD STAINLESS STRAP
WOMEN BAGS,2250000.0,COACH,COACH 89472 NAW PANSY PRINT TYLOR TOTE PACIFIC BLUE
WOMEN BAGS,6200000.0,COACH,COACH 78487 SIGNATURE COACH TROUPE TOTE TAN RUST
WOMEN BAGS,2050000.0,COACH,COACH 69645 JACQUARD HORSE CARRIER CITY TOTE KHAKI CHALK
WOMEN BAGS,2250000.0,COACH,COACH 89472 NAW PANSY PRINT TYLR TOTE CHALK
Women Wallets,950000.0,KATE SPADE,KATE SPADE WLRU5464 JACKSON HALF MOON WRISLET CHERRY
WOMEN BAGS,2050000.0,COACH,COACH 69645 JACQUARD HORSE CARRIER CITY TOTE KHAKI CHALK
WOMEN BAGS,1300000.0,COACH,COACH 1346 WILD FLOWER PRINT KITT CHALK
WOMEN BAGS,3600000.0,MICHAEL KORS,MICHAEL KORS 30S9G0EL6L CECE MEDIUM STUD CONVERTIBLE CHAIN SOFT PINK
WOMEN BAGS,1950000.0,MICHAEL KORS,MICHAEL KORS 30S0S1JM1L JAGGER SMALL MESSENGER LEATHER GREY
Women Wallets,800000.0,MICHAEL KORS,MICHAEL KORS 35H8STVZ5L JET SET TRAVEL MEDIUM ZIP CARD CASE BLACK
WOMEN BAGS,3500000.0,COACH,COACH 89089 CASSIE CB 19 SIGNATURE SAND TAUPE
WOMEN BAGS,1350000.0,MICHAEL KORS,MICHAEL KORS 32T0GT9C5B JET SET CHARM SMALL PHONE CROSSBODY LIGHT SAND
WOMEN BAGS,1350000.0,MICHAEL KORS,MICHAEL KORS 32T0GT9C5B JET SET CHARM SMALL PHONE CROSSBODY BROWN
Women Wallets,1250000.0,MICHAEL KORS,MICHAEL KORS 35H8GTVT1B JET SET TRAVEL X-LARGE WALLET BROWN/BLACK
WOMEN BAGS,1250000.0,MICHAEL KORS,MICHAEL KORS 32H99F5M2U WOVEN GINNY CROSSBODIES MEDIUM CAMERA BAG LEATHER ACORN
Women Wallets,950000.0,KATE SPADE,KATE SPADE WLRU5464 JACKSON HALF MOON WRISLET CHERRY
WOMEN BAGS,2850000.0,FURLA,FURLA 1044969 SLEEK SHOULDER BAG FRAGOLA RED
